{"stats":{"minecraft:mined":{"minecraft:orange_concrete":575,"minecraft:black_concrete":1,"minecraft:obsidian":2},"minecraft:dropped":{"minecraft:netherite_pickaxe":1,"minecraft:orange_concrete_powder":1},"minecraft:killed_by":{"minecraft:player":1},"minecraft:picked_up":{"minecraft:netherite_pickaxe":1,"minecraft:orange_concrete_powder":576},"minecraft:used":{"minecraft:netherite_pickaxe":578,"minecraft:orange_concrete_powder":575},"minecraft:custom":{"minecraft:time_since_rest":0,"minecraft:leave_game":1,"minecraft:deaths":1,"minecraft:damage_taken":240,"minecraft:play_time":11047,"minecraft:time_since_death":0,"minecraft:walk_one_cm":30,"minecraft:total_world_time":11047,"minecraft:drop":2}},"DataVersion":3953}