{"stats":{"minecraft:killed":{"minecraft:pig":2,"minecraft:drowned":1,"minecraft:cow":1},"minecraft:used":{"minecraft:oak_log":1,"minecraft:netherite_sword":16,"minecraft:water_bucket":1,"minecraft:firework_rocket":24,"minecraft:oak_planks":1,"minecraft:netherite_axe":13,"minecraft:shield":4,"minecraft:torch":2,"minecraft:bow":1,"minecraft:cooked_porkchop":3,"minecraft:bucket":1,"minecraft:netherite_pickaxe":3,"minecraft:shulker_box":4,"minecraft:cooked_beef":1},"minecraft:custom":{"minecraft:time_since_rest":20903,"minecraft:sprint_one_cm":32633,"minecraft:open_enderchest":9,"minecraft:damage_taken":395,"minecraft:walk_one_cm":27864,"minecraft:damage_blocked_by_shield":205,"minecraft:mob_kills":4,"minecraft:drop":2,"minecraft:damage_dealt":460,"minecraft:fly_one_cm":17125,"minecraft:open_chest":20,"minecraft:crouch_one_cm":1339,"minecraft:play_time":20903,"minecraft:open_shulker_box":7,"minecraft:sneak_time":230,"minecraft:walk_under_water_one_cm":712,"minecraft:aviate_one_cm":850535,"minecraft:jump":95,"minecraft:leave_game":4,"minecraft:walk_on_water_one_cm":2778,"minecraft:time_since_death":20903,"minecraft:total_world_time":20903,"minecraft:fall_one_cm":3768,"minecraft:horse_one_cm":54952},"minecraft:mined":{"minecraft:shulker_box":3,"minecraft:short_grass":4,"minecraft:grass_block":3,"minecraft:oak_log":13,"minecraft:tall_grass":2,"minecraft:oak_planks":1,"minecraft:oak_leaves":1,"minecraft:wall_torch":2},"minecraft:picked_up":{"minecraft:cooked_beef":1,"minecraft:cooked_porkchop":3,"minecraft:torch":2,"minecraft:oak_log":13,"minecraft:dirt":3,"minecraft:shulker_box":3,"minecraft:wheat_seeds":1,"minecraft:oak_planks":1},"minecraft:crafted":{"minecraft:oak_planks":48},"minecraft:dropped":{"minecraft:dirt":3,"minecraft:wheat_seeds":1}},"DataVersion":3953}