{"stats":{"minecraft:killed":{"minecraft:magma_cube":1,"minecraft:pig":5,"minecraft:salmon":1,"minecraft:iron_golem":1,"minecraft:sheep":1,"minecraft:skeleton":2,"minecraft:drowned":2,"minecraft:enderman":71,"minecraft:cow":5},"minecraft:used":{"minecraft:water_bucket":6,"minecraft:netherite_sword":41,"minecraft:netherite_chestplate":2,"minecraft:elytra":1,"minecraft:oak_planks":44,"minecraft:shield":20,"minecraft:cooked_salmon":1,"minecraft:sugar_cane":6,"minecraft:netherrack":3,"minecraft:torch":2,"minecraft:rail":1,"minecraft:dirt":3,"minecraft:sand":1,"minecraft:netherite_leggings":1,"minecraft:white_carpet":116,"minecraft:netherite_helmet":1,"minecraft:shulker_box":4,"minecraft:granite":2,"minecraft:oak_log":1,"minecraft:glass":4,"minecraft:lava_bucket":14,"minecraft:firework_rocket":107,"minecraft:string":3,"minecraft:netherite_axe":61,"minecraft:netherite_boots":1,"minecraft:light_blue_concrete_powder":1,"minecraft:bow":16,"minecraft:cooked_porkchop":7,"minecraft:bucket":20,"minecraft:netherite_pickaxe":28,"minecraft:chain":45,"minecraft:brown_concrete_powder":1,"minecraft:cooked_beef":6},"minecraft:custom":{"minecraft:interact_with_furnace":1,"minecraft:mob_kills":89,"minecraft:inspect_hopper":1,"minecraft:interact_with_crafting_table":6,"minecraft:open_shulker_box":11,"minecraft:leave_game":8,"minecraft:time_since_death":25224,"minecraft:sleep_in_bed":2,"minecraft:climb_one_cm":582,"minecraft:time_since_rest":13856,"minecraft:damage_taken":1799,"minecraft:sprint_one_cm":162125,"minecraft:open_enderchest":23,"minecraft:walk_one_cm":231077,"minecraft:damage_blocked_by_shield":980,"minecraft:drop":33,"minecraft:damage_dealt":1760,"minecraft:swim_one_cm":7829,"minecraft:talked_to_villager":1,"minecraft:fly_one_cm":116872,"minecraft:open_chest":50,"minecraft:crouch_one_cm":4895,"minecraft:play_time":124115,"minecraft:deaths":3,"minecraft:sneak_time":2058,"minecraft:walk_under_water_one_cm":31819,"minecraft:aviate_one_cm":3855558,"minecraft:jump":1367,"minecraft:walk_on_water_one_cm":35006,"minecraft:total_world_time":124115,"minecraft:fall_one_cm":30394,"minecraft:horse_one_cm":54952},"minecraft:mined":{"minecraft:shulker_box":3,"minecraft:obsidian":3,"minecraft:granite":4,"minecraft:short_grass":6,"minecraft:grass_block":3,"minecraft:glass":4,"minecraft:tall_grass":2,"minecraft:sugar_cane":157,"minecraft:oak_planks":46,"minecraft:wall_torch":2,"minecraft:chain":4,"minecraft:magma_block":1,"minecraft:oak_log":13,"minecraft:dirt":2,"minecraft:cracked_stone_bricks":1,"minecraft:stone_bricks":3,"minecraft:netherrack":3,"minecraft:oak_leaves":1,"minecraft:tripwire":1},"minecraft:picked_up":{"minecraft:netherite_boots":3,"minecraft:magma_block":1,"minecraft:cooked_beef":10,"minecraft:water_bucket":2,"minecraft:leather":5,"minecraft:oak_log":13,"minecraft:chain":26,"minecraft:shield":2,"minecraft:cooked_salmon":1,"minecraft:netherite_leggings":2,"minecraft:dirt":7,"minecraft:string":191,"minecraft:elytra":2,"minecraft:cooked_mutton":4,"minecraft:white_carpet":62,"minecraft:glass":4,"minecraft:bone":8,"minecraft:stone_bricks":3,"minecraft:bow":3,"minecraft:cracked_stone_bricks":1,"minecraft:wheat_seeds":3,"minecraft:netherite_sword":2,"minecraft:bucket":6,"minecraft:iron_ingot":4,"minecraft:netherite_axe":3,"minecraft:sugar_cane":313,"minecraft:oak_planks":152,"minecraft:cooked_porkchop":9,"minecraft:torch":2,"minecraft:sand":3,"minecraft:brown_concrete_powder":4,"minecraft:netherite_pickaxe":3,"minecraft:shulker_box":3,"minecraft:light_blue_concrete_powder":5,"minecraft:firework_rocket":247,"minecraft:arrow":93,"minecraft:white_concrete_powder":3,"minecraft:netherite_helmet":3,"minecraft:granite":2,"minecraft:rail":1,"minecraft:netherite_chestplate":2,"minecraft:netherrack":3,"minecraft:obsidian":6,"minecraft:white_wool":1,"minecraft:cobblestone":5},"minecraft:killed_by":{"minecraft:player":1,"minecraft:skeleton":1,"minecraft:zombie":1},"minecraft:crafted":{"minecraft:oak_planks":48,"minecraft:iron_nugget":9,"minecraft:chain":1,"minecraft:white_carpet":3,"minecraft:white_wool":2,"minecraft:paper":258,"minecraft:firework_rocket":357,"minecraft:minecart":1},"minecraft:dropped":{"minecraft:iron_ingot":49,"minecraft:netherite_pickaxe":1,"minecraft:wheat_seeds":3,"minecraft:minecart":2,"minecraft:cobblestone":2,"minecraft:white_carpet":1,"minecraft:leather":5,"minecraft:cracked_stone_bricks":1,"minecraft:light_blue_concrete_powder":1,"minecraft:dirt":4,"minecraft:brown_concrete_powder":1,"minecraft:stone_bricks":3,"minecraft:white_concrete_powder":2,"minecraft:magma_block":1,"minecraft:white_wool":1,"minecraft:bone":8}},"DataVersion":3953}