{"stats":{"minecraft:killed":{"minecraft:pig":2,"minecraft:drowned":1,"minecraft:cow":1},"minecraft:used":{"minecraft:oak_log":1,"minecraft:netherite_sword":16,"minecraft:water_bucket":2,"minecraft:firework_rocket":43,"minecraft:string":3,"minecraft:oak_planks":12,"minecraft:netherite_axe":24,"minecraft:shield":4,"minecraft:torch":2,"minecraft:bow":1,"minecraft:white_carpet":36,"minecraft:cooked_porkchop":4,"minecraft:bucket":2,"minecraft:netherite_pickaxe":4,"minecraft:chain":11,"minecraft:shulker_box":4,"minecraft:cooked_beef":1},"minecraft:custom":{"minecraft:time_since_rest":32409,"minecraft:damage_taken":453,"minecraft:sprint_one_cm":33374,"minecraft:open_enderchest":10,"minecraft:walk_one_cm":42006,"minecraft:damage_blocked_by_shield":205,"minecraft:mob_kills":4,"minecraft:drop":3,"minecraft:damage_dealt":460,"minecraft:fly_one_cm":19119,"minecraft:open_chest":20,"minecraft:crouch_one_cm":3553,"minecraft:play_time":32409,"minecraft:open_shulker_box":7,"minecraft:sneak_time":996,"minecraft:walk_under_water_one_cm":3112,"minecraft:aviate_one_cm":1435956,"minecraft:jump":475,"minecraft:leave_game":7,"minecraft:walk_on_water_one_cm":6145,"minecraft:time_since_death":32409,"minecraft:total_world_time":32409,"minecraft:fall_one_cm":5455,"minecraft:horse_one_cm":54952},"minecraft:mined":{"minecraft:chain":1,"minecraft:shulker_box":3,"minecraft:short_grass":4,"minecraft:grass_block":3,"minecraft:oak_log":13,"minecraft:tall_grass":2,"minecraft:oak_planks":12,"minecraft:tripwire":1,"minecraft:oak_leaves":1,"minecraft:wall_torch":2},"minecraft:picked_up":{"minecraft:cooked_beef":1,"minecraft:cooked_porkchop":3,"minecraft:torch":2,"minecraft:oak_log":13,"minecraft:chain":1,"minecraft:string":1,"minecraft:dirt":3,"minecraft:shulker_box":3,"minecraft:wheat_seeds":1,"minecraft:oak_planks":7},"minecraft:crafted":{"minecraft:oak_planks":48},"minecraft:dropped":{"minecraft:dirt":3,"minecraft:wheat_seeds":1,"minecraft:minecart":1}},"DataVersion":3953}