{"stats":{"minecraft:killed":{"minecraft:pig":3,"minecraft:skeleton":2,"minecraft:drowned":1,"minecraft:cow":4,"minecraft:enderman":71},"minecraft:used":{"minecraft:water_bucket":3,"minecraft:netherite_sword":34,"minecraft:netherite_chestplate":1,"minecraft:oak_planks":42,"minecraft:elytra":1,"minecraft:shield":19,"minecraft:sugar_cane":6,"minecraft:torch":2,"minecraft:white_carpet":110,"minecraft:shulker_box":4,"minecraft:granite":2,"minecraft:oak_log":1,"minecraft:glass":4,"minecraft:firework_rocket":94,"minecraft:string":3,"minecraft:netherite_axe":59,"minecraft:netherite_boots":1,"minecraft:bow":2,"minecraft:cooked_porkchop":5,"minecraft:netherite_pickaxe":17,"minecraft:bucket":3,"minecraft:chain":42,"minecraft:cooked_beef":4},"minecraft:custom":{"minecraft:interact_with_furnace":1,"minecraft:mob_kills":81,"minecraft:inspect_hopper":1,"minecraft:interact_with_crafting_table":5,"minecraft:open_shulker_box":11,"minecraft:leave_game":7,"minecraft:time_since_death":34484,"minecraft:climb_one_cm":582,"minecraft:time_since_rest":34513,"minecraft:sprint_one_cm":96265,"minecraft:open_enderchest":18,"minecraft:damage_taken":1275,"minecraft:walk_one_cm":130029,"minecraft:damage_blocked_by_shield":850,"minecraft:drop":21,"minecraft:damage_dealt":1310,"minecraft:swim_one_cm":349,"minecraft:fly_one_cm":77408,"minecraft:open_chest":47,"minecraft:crouch_one_cm":4714,"minecraft:play_time":80409,"minecraft:deaths":2,"minecraft:sneak_time":1837,"minecraft:walk_under_water_one_cm":10593,"minecraft:aviate_one_cm":3248575,"minecraft:jump":899,"minecraft:walk_on_water_one_cm":18125,"minecraft:total_world_time":80409,"minecraft:fall_one_cm":16814,"minecraft:horse_one_cm":54952},"minecraft:mined":{"minecraft:shulker_box":3,"minecraft:granite":4,"minecraft:short_grass":5,"minecraft:grass_block":3,"minecraft:glass":4,"minecraft:tall_grass":2,"minecraft:sugar_cane":157,"minecraft:oak_planks":44,"minecraft:wall_torch":2,"minecraft:chain":4,"minecraft:oak_log":13,"minecraft:oak_leaves":1,"minecraft:tripwire":1},"minecraft:picked_up":{"minecraft:netherite_boots":2,"minecraft:cooked_beef":7,"minecraft:water_bucket":2,"minecraft:leather":4,"minecraft:oak_log":13,"minecraft:chain":25,"minecraft:shield":1,"minecraft:netherite_leggings":1,"minecraft:dirt":3,"minecraft:string":191,"minecraft:elytra":1,"minecraft:white_carpet":62,"minecraft:glass":4,"minecraft:bone":8,"minecraft:bow":2,"minecraft:wheat_seeds":3,"minecraft:netherite_sword":1,"minecraft:netherite_axe":2,"minecraft:sugar_cane":313,"minecraft:oak_planks":114,"minecraft:cooked_porkchop":4,"minecraft:torch":2,"minecraft:sand":2,"minecraft:brown_concrete_powder":3,"minecraft:netherite_pickaxe":2,"minecraft:shulker_box":3,"minecraft:light_blue_concrete_powder":4,"minecraft:firework_rocket":2,"minecraft:arrow":48,"minecraft:white_concrete_powder":3,"minecraft:netherite_helmet":2,"minecraft:granite":2,"minecraft:netherite_chestplate":1},"minecraft:killed_by":{"minecraft:skeleton":1,"minecraft:zombie":1},"minecraft:dropped":{"minecraft:wheat_seeds":3,"minecraft:minecart":2,"minecraft:leather":4,"minecraft:light_blue_concrete_powder":1,"minecraft:dirt":3,"minecraft:brown_concrete_powder":1,"minecraft:white_concrete_powder":2,"minecraft:bone":8},"minecraft:crafted":{"minecraft:oak_planks":48,"minecraft:iron_nugget":9,"minecraft:chain":1,"minecraft:paper":258,"minecraft:minecart":1,"minecraft:firework_rocket":357}},"DataVersion":3953}