{"stats":{"minecraft:killed":{"minecraft:magma_cube":1,"minecraft:pig":5,"minecraft:sheep":1,"minecraft:skeleton":2,"minecraft:drowned":1,"minecraft:cow":5,"minecraft:enderman":71},"minecraft:used":{"minecraft:water_bucket":3,"minecraft:netherite_sword":40,"minecraft:netherite_chestplate":1,"minecraft:oak_planks":43,"minecraft:elytra":1,"minecraft:shield":19,"minecraft:sugar_cane":6,"minecraft:netherrack":3,"minecraft:torch":2,"minecraft:white_carpet":116,"minecraft:shulker_box":4,"minecraft:granite":2,"minecraft:oak_log":1,"minecraft:glass":4,"minecraft:lava_bucket":14,"minecraft:firework_rocket":105,"minecraft:string":3,"minecraft:netherite_axe":60,"minecraft:netherite_boots":1,"minecraft:bow":2,"minecraft:cooked_porkchop":5,"minecraft:netherite_pickaxe":28,"minecraft:bucket":17,"minecraft:chain":44,"minecraft:cooked_beef":6},"minecraft:custom":{"minecraft:interact_with_furnace":1,"minecraft:mob_kills":86,"minecraft:inspect_hopper":1,"minecraft:interact_with_crafting_table":6,"minecraft:open_shulker_box":11,"minecraft:leave_game":8,"minecraft:time_since_death":51675,"minecraft:climb_one_cm":582,"minecraft:time_since_rest":51704,"minecraft:sprint_one_cm":117417,"minecraft:open_enderchest":21,"minecraft:damage_taken":1442,"minecraft:walk_one_cm":160164,"minecraft:damage_blocked_by_shield":850,"minecraft:drop":29,"minecraft:damage_dealt":1730,"minecraft:swim_one_cm":349,"minecraft:fly_one_cm":92866,"minecraft:open_chest":50,"minecraft:crouch_one_cm":4714,"minecraft:play_time":97600,"minecraft:deaths":2,"minecraft:sneak_time":1852,"minecraft:walk_under_water_one_cm":16800,"minecraft:aviate_one_cm":3686959,"minecraft:jump":1112,"minecraft:walk_on_water_one_cm":29125,"minecraft:total_world_time":97600,"minecraft:fall_one_cm":22826,"minecraft:horse_one_cm":54952},"minecraft:mined":{"minecraft:shulker_box":3,"minecraft:obsidian":3,"minecraft:granite":4,"minecraft:short_grass":6,"minecraft:grass_block":3,"minecraft:glass":4,"minecraft:tall_grass":2,"minecraft:sugar_cane":157,"minecraft:oak_planks":45,"minecraft:wall_torch":2,"minecraft:magma_block":1,"minecraft:chain":4,"minecraft:oak_log":13,"minecraft:cracked_stone_bricks":1,"minecraft:stone_bricks":3,"minecraft:netherrack":3,"minecraft:oak_leaves":1,"minecraft:tripwire":1},"minecraft:picked_up":{"minecraft:netherite_boots":2,"minecraft:magma_block":1,"minecraft:cooked_beef":8,"minecraft:water_bucket":2,"minecraft:leather":5,"minecraft:oak_log":13,"minecraft:chain":25,"minecraft:shield":1,"minecraft:netherite_leggings":1,"minecraft:dirt":3,"minecraft:string":191,"minecraft:elytra":1,"minecraft:cooked_mutton":2,"minecraft:white_carpet":62,"minecraft:glass":4,"minecraft:bone":8,"minecraft:stone_bricks":3,"minecraft:cracked_stone_bricks":1,"minecraft:bow":2,"minecraft:wheat_seeds":3,"minecraft:netherite_sword":1,"minecraft:netherite_axe":2,"minecraft:sugar_cane":313,"minecraft:oak_planks":115,"minecraft:cooked_porkchop":7,"minecraft:torch":2,"minecraft:sand":2,"minecraft:brown_concrete_powder":3,"minecraft:netherite_pickaxe":2,"minecraft:shulker_box":3,"minecraft:light_blue_concrete_powder":4,"minecraft:firework_rocket":2,"minecraft:arrow":48,"minecraft:white_concrete_powder":3,"minecraft:netherite_helmet":2,"minecraft:granite":2,"minecraft:netherite_chestplate":1,"minecraft:white_wool":1,"minecraft:netherrack":3,"minecraft:obsidian":3},"minecraft:killed_by":{"minecraft:skeleton":1,"minecraft:zombie":1},"minecraft:crafted":{"minecraft:oak_planks":48,"minecraft:iron_nugget":9,"minecraft:chain":1,"minecraft:white_carpet":3,"minecraft:white_wool":2,"minecraft:paper":258,"minecraft:minecart":1,"minecraft:firework_rocket":357},"minecraft:dropped":{"minecraft:netherite_pickaxe":1,"minecraft:wheat_seeds":3,"minecraft:minecart":2,"minecraft:white_carpet":1,"minecraft:leather":5,"minecraft:cracked_stone_bricks":1,"minecraft:light_blue_concrete_powder":1,"minecraft:dirt":3,"minecraft:brown_concrete_powder":1,"minecraft:stone_bricks":3,"minecraft:magma_block":1,"minecraft:white_concrete_powder":2,"minecraft:white_wool":1,"minecraft:bone":8}},"DataVersion":3953}