{"stats":{"minecraft:killed":{"minecraft:pig":1},"minecraft:used":{"minecraft:oak_log":1,"minecraft:torch":2,"minecraft:water_bucket":1,"minecraft:netherite_sword":12,"minecraft:firework_rocket":15,"minecraft:cooked_porkchop":1,"minecraft:oak_planks":1,"minecraft:bucket":1,"minecraft:netherite_pickaxe":1,"minecraft:shulker_box":1},"minecraft:custom":{"minecraft:time_since_rest":8269,"minecraft:open_chest":18,"minecraft:sprint_one_cm":20602,"minecraft:play_time":8269,"minecraft:open_shulker_box":1,"minecraft:open_enderchest":2,"minecraft:damage_taken":64,"minecraft:walk_one_cm":13425,"minecraft:walk_under_water_one_cm":712,"minecraft:mob_kills":1,"minecraft:aviate_one_cm":510575,"minecraft:jump":33,"minecraft:damage_dealt":100,"minecraft:leave_game":2,"minecraft:walk_on_water_one_cm":1853,"minecraft:time_since_death":8269,"minecraft:total_world_time":8269,"minecraft:fall_one_cm":1196,"minecraft:fly_one_cm":3848},"minecraft:mined":{"minecraft:short_grass":4,"minecraft:oak_log":1,"minecraft:tall_grass":2,"minecraft:oak_planks":1,"minecraft:shulker_box":1,"minecraft:wall_torch":2,"minecraft:grass_block":3},"minecraft:picked_up":{"minecraft:cooked_porkchop":1,"minecraft:wheat_seeds":1,"minecraft:torch":2,"minecraft:oak_log":1,"minecraft:oak_planks":1,"minecraft:shulker_box":1}},"DataVersion":3953}