{"stats":{"minecraft:killed":{"minecraft:pig":2,"minecraft:drowned":1,"minecraft:enderman":71,"minecraft:cow":1},"minecraft:used":{"minecraft:oak_log":1,"minecraft:netherite_sword":25,"minecraft:water_bucket":2,"minecraft:firework_rocket":53,"minecraft:string":3,"minecraft:oak_planks":22,"minecraft:netherite_axe":38,"minecraft:shield":4,"minecraft:torch":2,"minecraft:bow":2,"minecraft:white_carpet":52,"minecraft:cooked_porkchop":4,"minecraft:bucket":2,"minecraft:netherite_pickaxe":7,"minecraft:chain":20,"minecraft:shulker_box":4,"minecraft:cooked_beef":1},"minecraft:custom":{"minecraft:time_since_rest":44409,"minecraft:damage_taken":593,"minecraft:sprint_one_cm":51787,"minecraft:open_enderchest":15,"minecraft:walk_one_cm":60857,"minecraft:damage_blocked_by_shield":205,"minecraft:mob_kills":75,"minecraft:drop":6,"minecraft:damage_dealt":600,"minecraft:interact_with_crafting_table":1,"minecraft:fly_one_cm":32937,"minecraft:open_chest":28,"minecraft:crouch_one_cm":3906,"minecraft:play_time":44409,"minecraft:open_shulker_box":8,"minecraft:sneak_time":1392,"minecraft:walk_under_water_one_cm":3112,"minecraft:aviate_one_cm":1832727,"minecraft:jump":624,"minecraft:leave_game":7,"minecraft:walk_on_water_one_cm":7860,"minecraft:time_since_death":44409,"minecraft:total_world_time":44409,"minecraft:fall_one_cm":6465,"minecraft:horse_one_cm":54952},"minecraft:mined":{"minecraft:chain":2,"minecraft:shulker_box":3,"minecraft:short_grass":4,"minecraft:grass_block":3,"minecraft:oak_log":13,"minecraft:tall_grass":2,"minecraft:oak_planks":23,"minecraft:tripwire":1,"minecraft:oak_leaves":1,"minecraft:wall_torch":2},"minecraft:picked_up":{"minecraft:cooked_beef":1,"minecraft:cooked_porkchop":3,"minecraft:torch":2,"minecraft:oak_log":13,"minecraft:chain":2,"minecraft:string":1,"minecraft:dirt":3,"minecraft:shulker_box":3,"minecraft:white_concrete_powder":3,"minecraft:wheat_seeds":1,"minecraft:oak_planks":16},"minecraft:crafted":{"minecraft:oak_planks":48,"minecraft:minecart":1},"minecraft:dropped":{"minecraft:dirt":3,"minecraft:wheat_seeds":1,"minecraft:minecart":2,"minecraft:white_concrete_powder":2}},"DataVersion":3953}