{"stats":{"minecraft:dropped":{"minecraft:warped_fungus":1,"minecraft:white_wool":1},"minecraft:custom":{"minecraft:time_since_rest":11303,"minecraft:open_chest":15,"minecraft:open_shulker_box":2,"minecraft:open_enderchest":5,"minecraft:play_time":11303,"minecraft:crouch_one_cm":4968,"minecraft:sprint_one_cm":32615,"minecraft:walk_one_cm":30888,"minecraft:damage_taken":69,"minecraft:sneak_time":667,"minecraft:walk_under_water_one_cm":4939,"minecraft:mob_kills":1,"minecraft:drop":2,"minecraft:aviate_one_cm":549751,"minecraft:jump":99,"minecraft:inspect_hopper":1,"minecraft:damage_dealt":80,"minecraft:walk_on_water_one_cm":1929,"minecraft:time_since_death":11303,"minecraft:total_world_time":11303,"minecraft:inspect_dispenser":1,"minecraft:fall_one_cm":1370,"minecraft:fly_one_cm":29947},"minecraft:used":{"minecraft:netherite_sword":1,"minecraft:firework_rocket":11,"minecraft:bow":3,"minecraft:cooked_porkchop":1,"minecraft:bread":1,"minecraft:netherite_pickaxe":1,"minecraft:shulker_box":1},"minecraft:picked_up":{"minecraft:cooked_mutton":1,"minecraft:warped_fungus":1,"minecraft:shulker_box":1,"minecraft:white_wool":1},"minecraft:killed":{"minecraft:sheep":1},"minecraft:mined":{"minecraft:shulker_box":1}},"DataVersion":3953}