{"stats":{"minecraft:killed":{"minecraft:magma_cube":1,"minecraft:pig":3,"minecraft:skeleton":2,"minecraft:drowned":1,"minecraft:cow":4,"minecraft:enderman":71},"minecraft:used":{"minecraft:water_bucket":3,"minecraft:netherite_sword":35,"minecraft:netherite_chestplate":1,"minecraft:oak_planks":43,"minecraft:elytra":1,"minecraft:shield":19,"minecraft:sugar_cane":6,"minecraft:netherrack":3,"minecraft:torch":2,"minecraft:white_carpet":116,"minecraft:shulker_box":4,"minecraft:granite":2,"minecraft:oak_log":1,"minecraft:glass":4,"minecraft:lava_bucket":11,"minecraft:firework_rocket":103,"minecraft:string":3,"minecraft:netherite_axe":60,"minecraft:netherite_boots":1,"minecraft:bow":2,"minecraft:cooked_porkchop":5,"minecraft:netherite_pickaxe":24,"minecraft:bucket":15,"minecraft:chain":44,"minecraft:cooked_beef":5},"minecraft:custom":{"minecraft:interact_with_furnace":1,"minecraft:mob_kills":82,"minecraft:inspect_hopper":1,"minecraft:interact_with_crafting_table":6,"minecraft:open_shulker_box":11,"minecraft:leave_game":7,"minecraft:time_since_death":46484,"minecraft:climb_one_cm":582,"minecraft:time_since_rest":46513,"minecraft:sprint_one_cm":112746,"minecraft:open_enderchest":20,"minecraft:damage_taken":1402,"minecraft:walk_one_cm":152814,"minecraft:damage_blocked_by_shield":850,"minecraft:drop":23,"minecraft:damage_dealt":1350,"minecraft:swim_one_cm":349,"minecraft:fly_one_cm":90280,"minecraft:open_chest":49,"minecraft:crouch_one_cm":4714,"minecraft:play_time":92409,"minecraft:deaths":2,"minecraft:sneak_time":1852,"minecraft:walk_under_water_one_cm":15570,"minecraft:aviate_one_cm":3574979,"minecraft:jump":1078,"minecraft:walk_on_water_one_cm":28451,"minecraft:total_world_time":92409,"minecraft:fall_one_cm":22199,"minecraft:horse_one_cm":54952},"minecraft:mined":{"minecraft:shulker_box":3,"minecraft:obsidian":2,"minecraft:granite":4,"minecraft:short_grass":5,"minecraft:grass_block":3,"minecraft:glass":4,"minecraft:tall_grass":2,"minecraft:sugar_cane":157,"minecraft:oak_planks":45,"minecraft:wall_torch":2,"minecraft:magma_block":1,"minecraft:chain":4,"minecraft:oak_log":13,"minecraft:stone_bricks":1,"minecraft:netherrack":3,"minecraft:oak_leaves":1,"minecraft:tripwire":1},"minecraft:picked_up":{"minecraft:netherite_boots":2,"minecraft:magma_block":1,"minecraft:cooked_beef":7,"minecraft:water_bucket":2,"minecraft:leather":4,"minecraft:oak_log":13,"minecraft:chain":25,"minecraft:shield":1,"minecraft:netherite_leggings":1,"minecraft:dirt":3,"minecraft:string":191,"minecraft:elytra":1,"minecraft:white_carpet":62,"minecraft:glass":4,"minecraft:bone":8,"minecraft:stone_bricks":1,"minecraft:bow":2,"minecraft:wheat_seeds":3,"minecraft:netherite_sword":1,"minecraft:netherite_axe":2,"minecraft:sugar_cane":313,"minecraft:oak_planks":115,"minecraft:cooked_porkchop":4,"minecraft:torch":2,"minecraft:sand":2,"minecraft:brown_concrete_powder":3,"minecraft:netherite_pickaxe":2,"minecraft:shulker_box":3,"minecraft:light_blue_concrete_powder":4,"minecraft:firework_rocket":2,"minecraft:arrow":48,"minecraft:white_concrete_powder":3,"minecraft:netherite_helmet":2,"minecraft:granite":2,"minecraft:netherite_chestplate":1,"minecraft:netherrack":3,"minecraft:obsidian":2},"minecraft:killed_by":{"minecraft:skeleton":1,"minecraft:zombie":1},"minecraft:dropped":{"minecraft:wheat_seeds":3,"minecraft:minecart":2,"minecraft:white_carpet":1,"minecraft:leather":4,"minecraft:light_blue_concrete_powder":1,"minecraft:dirt":3,"minecraft:brown_concrete_powder":1,"minecraft:stone_bricks":1,"minecraft:white_concrete_powder":2,"minecraft:bone":8},"minecraft:crafted":{"minecraft:oak_planks":48,"minecraft:iron_nugget":9,"minecraft:chain":1,"minecraft:white_carpet":3,"minecraft:white_wool":2,"minecraft:paper":258,"minecraft:minecart":1,"minecraft:firework_rocket":357}},"DataVersion":3953}