{"stats":{"minecraft:killed":{"minecraft:skeleton":1,"minecraft:zombie":4},"minecraft:custom":{"minecraft:interact_with_furnace":4,"minecraft:mob_kills":5,"minecraft:interact_with_crafting_table":7,"minecraft:open_shulker_box":8,"minecraft:bell_ring":1,"minecraft:leave_game":2,"minecraft:time_since_death":91943,"minecraft:sleep_in_bed":1,"minecraft:climb_one_cm":718,"minecraft:time_since_rest":57062,"minecraft:damage_taken":420,"minecraft:open_enderchest":2,"minecraft:walk_one_cm":206399,"minecraft:sprint_one_cm":144928,"minecraft:drop":184,"minecraft:damage_dealt":921,"minecraft:swim_one_cm":3218,"minecraft:fly_one_cm":87009,"minecraft:open_chest":36,"minecraft:crouch_one_cm":30336,"minecraft:play_time":91943,"minecraft:sneak_time":5130,"minecraft:walk_under_water_one_cm":11197,"minecraft:aviate_one_cm":446013,"minecraft:jump":856,"minecraft:interact_with_blast_furnace":1,"minecraft:walk_on_water_one_cm":4621,"minecraft:total_world_time":91943,"minecraft:fall_one_cm":16469,"minecraft:inspect_dispenser":4},"minecraft:used":{"minecraft:oak_trapdoor":1,"minecraft:orange_concrete_powder":1,"minecraft:water_bucket":1,"minecraft:netherite_sword":8,"minecraft:powered_rail":4,"minecraft:dispenser":1,"minecraft:baked_potato":12,"minecraft:elytra":2,"minecraft:oak_planks":2,"minecraft:stone":34,"minecraft:composter":1,"minecraft:stone_hoe":102,"minecraft:dirt":208,"minecraft:rail":119,"minecraft:netherite_leggings":1,"minecraft:oak_slab":7,"minecraft:netherite_helmet":1,"minecraft:white_bed":6,"minecraft:black_concrete_powder":1,"minecraft:piston":1,"minecraft:glass":1,"minecraft:firework_rocket":4,"minecraft:netherite_shovel":409,"minecraft:oak_button":1,"minecraft:netherite_axe":26,"minecraft:magenta_concrete_powder":1,"minecraft:gray_concrete_powder":1,"minecraft:netherite_boots":1,"minecraft:yellow_concrete_powder":1,"minecraft:light_blue_concrete_powder":1,"minecraft:red_concrete_powder":1,"minecraft:bucket":1,"minecraft:green_concrete_powder":1,"minecraft:netherite_pickaxe":33,"minecraft:pink_concrete_powder":1,"minecraft:cyan_concrete_powder":2,"minecraft:potato":94},"minecraft:mined":{"minecraft:oak_slab":2,"minecraft:farmland":1,"minecraft:shulker_box":1,"minecraft:short_grass":3,"minecraft:grass_block":47,"minecraft:jungle_log":6,"minecraft:white_stained_glass_pane":1,"minecraft:glass":8,"minecraft:wall_torch":2,"minecraft:oak_trapdoor":1,"minecraft:yellow_stained_glass_pane":1,"minecraft:vine":5,"minecraft:potatoes":74,"minecraft:oak_log":3,"minecraft:dirt_path":39,"minecraft:rail":26,"minecraft:dirt":327,"minecraft:stone":9,"minecraft:oak_leaves":1},"minecraft:picked_up":{"minecraft:netherite_boots":1,"minecraft:jungle_log":4,"minecraft:green_concrete_powder":1,"minecraft:potato":731,"minecraft:oak_log":3,"minecraft:oak_trapdoor":1,"minecraft:shield":1,"minecraft:netherite_leggings":1,"minecraft:cyan_concrete_powder":2,"minecraft:pink_concrete_powder":1,"minecraft:dirt":608,"minecraft:elytra":1,"minecraft:gray_concrete_powder":1,"minecraft:glass":69,"minecraft:orange_concrete_powder":1,"minecraft:bow":1,"minecraft:wheat_seeds":2,"minecraft:netherite_sword":1,"minecraft:bucket":1,"minecraft:netherite_axe":1,"minecraft:minecart":4,"minecraft:stone_hoe":1,"minecraft:oak_planks":3,"minecraft:oak_slab":4,"minecraft:stick":11,"minecraft:red_concrete_powder":1,"minecraft:stone":50,"minecraft:magenta_concrete_powder":1,"minecraft:torch":4,"minecraft:poisonous_potato":1,"minecraft:sand":1,"minecraft:netherite_shovel":1,"minecraft:brown_concrete_powder":1,"minecraft:netherite_pickaxe":2,"minecraft:yellow_concrete_powder":1,"minecraft:shulker_box":2,"minecraft:light_blue_concrete_powder":2,"minecraft:firework_rocket":36,"minecraft:arrow":2,"minecraft:rotten_flesh":18,"minecraft:black_concrete_powder":1,"minecraft:netherite_helmet":1,"minecraft:granite":2,"minecraft:netherite_chestplate":1,"minecraft:baked_potato":8,"minecraft:rail":109},"minecraft:crafted":{"minecraft:oak_slab":18,"minecraft:oak_planks":12,"minecraft:baked_potato":64,"minecraft:bucket":1,"minecraft:jungle_planks":16,"minecraft:oak_boat":1,"minecraft:white_wool":64,"minecraft:white_bed":6,"minecraft:oak_button":1,"minecraft:composter":1},"minecraft:dropped":{"minecraft:stone_hoe":1,"minecraft:oak_slab":4,"minecraft:netherite_pickaxe":2,"minecraft:wheat_seeds":1,"minecraft:baked_potato":8,"minecraft:netherite_sword":1,"minecraft:netherite_helmet":1,"minecraft:netherite_axe":1,"minecraft:netherite_chestplate":1,"minecraft:rotten_flesh":18,"minecraft:oak_planks":3,"minecraft:granite":2,"minecraft:netherite_shovel":1,"minecraft:light_blue_concrete_powder":1,"minecraft:elytra":1,"minecraft:shulker_box":1,"minecraft:rail":115,"minecraft:netherite_leggings":1,"minecraft:stick":11,"minecraft:dirt":263,"minecraft:potato":574,"minecraft:brown_concrete_powder":1,"minecraft:stone":42,"minecraft:shield":1,"minecraft:torch":2,"minecraft:oak_boat":1,"minecraft:netherite_boots":1,"minecraft:sand":1,"minecraft:arrow":1,"minecraft:bow":1,"minecraft:glass":66,"minecraft:bucket":1,"minecraft:firework_rocket":36}},"DataVersion":3953}