{"stats":{"minecraft:custom":{"minecraft:time_since_rest":5879,"minecraft:crouch_one_cm":4403,"minecraft:play_time":5879,"minecraft:sprint_one_cm":14820,"minecraft:damage_taken":2,"minecraft:walk_one_cm":19657,"minecraft:sneak_time":773,"minecraft:walk_under_water_one_cm":75,"minecraft:aviate_one_cm":23597,"minecraft:jump":64,"minecraft:time_since_death":5879,"minecraft:walk_on_water_one_cm":377,"minecraft:total_world_time":5879,"minecraft:swim_one_cm":1219,"minecraft:interact_with_crafting_table":1,"minecraft:fall_one_cm":1037,"minecraft:fly_one_cm":10278},"minecraft:used":{"minecraft:stone_hoe":3,"minecraft:netherite_shovel":19,"minecraft:dirt":68,"minecraft:oak_slab":5,"minecraft:elytra":1,"minecraft:oak_planks":2,"minecraft:netherite_pickaxe":1,"minecraft:composter":1},"minecraft:mined":{"minecraft:dirt_path":1,"minecraft:dirt":13,"minecraft:stone":1,"minecraft:oak_leaves":1,"minecraft:wall_torch":2},"minecraft:picked_up":{"minecraft:stone":1,"minecraft:torch":2,"minecraft:dirt":14},"minecraft:crafted":{"minecraft:oak_slab":12,"minecraft:composter":1}},"DataVersion":3953}