{"stats":{"minecraft:killed":{"minecraft:skeleton":1,"minecraft:zombie":4},"minecraft:used":{"minecraft:glass":1,"minecraft:piston":1,"minecraft:netherite_sword":8,"minecraft:netherite_shovel":193,"minecraft:powered_rail":4,"minecraft:dispenser":1,"minecraft:oak_button":1,"minecraft:oak_planks":2,"minecraft:baked_potato":8,"minecraft:elytra":1,"minecraft:netherite_axe":10,"minecraft:stone":27,"minecraft:composter":1,"minecraft:stone_hoe":14,"minecraft:dirt":136,"minecraft:rail":117,"minecraft:oak_slab":5,"minecraft:netherite_pickaxe":25,"minecraft:potato":3},"minecraft:custom":{"minecraft:open_enderchest":2,"minecraft:time_since_rest":998,"minecraft:interact_with_furnace":1,"minecraft:walk_one_cm":126113,"minecraft:sprint_one_cm":93826,"minecraft:damage_taken":324,"minecraft:mob_kills":5,"minecraft:drop":95,"minecraft:damage_dealt":835,"minecraft:swim_one_cm":3218,"minecraft:interact_with_crafting_table":2,"minecraft:fly_one_cm":54296,"minecraft:bell_ring":1,"minecraft:open_chest":19,"minecraft:crouch_one_cm":5424,"minecraft:play_time":35879,"minecraft:open_shulker_box":7,"minecraft:sneak_time":1183,"minecraft:walk_under_water_one_cm":11168,"minecraft:aviate_one_cm":128880,"minecraft:jump":546,"minecraft:interact_with_blast_furnace":1,"minecraft:walk_on_water_one_cm":4144,"minecraft:time_since_death":35879,"minecraft:sleep_in_bed":1,"minecraft:total_world_time":35879,"minecraft:fall_one_cm":6914,"minecraft:inspect_dispenser":2},"minecraft:mined":{"minecraft:farmland":1,"minecraft:yellow_stained_glass_pane":1,"minecraft:potatoes":1,"minecraft:short_grass":2,"minecraft:white_stained_glass_pane":1,"minecraft:grass_block":13,"minecraft:oak_log":3,"minecraft:rail":18,"minecraft:dirt_path":27,"minecraft:dirt":148,"minecraft:glass":8,"minecraft:stone":8,"minecraft:oak_leaves":1,"minecraft:wall_torch":2},"minecraft:picked_up":{"minecraft:stone":7,"minecraft:torch":2,"minecraft:potato":460,"minecraft:oak_log":3,"minecraft:dirt":179,"minecraft:arrow":1,"minecraft:glass":3,"minecraft:rotten_flesh":9,"minecraft:wheat_seeds":1,"minecraft:minecart":3,"minecraft:rail":18},"minecraft:crafted":{"minecraft:oak_boat":1,"minecraft:oak_planks":12,"minecraft:oak_slab":12,"minecraft:oak_button":1,"minecraft:composter":1},"minecraft:dropped":{"minecraft:dirt":47,"minecraft:potato":524,"minecraft:oak_boat":1,"minecraft:rail":32}},"DataVersion":3953}