{"stats":{"minecraft:killed":{"minecraft:spider":1,"minecraft:skeleton":1,"minecraft:zombie":5},"minecraft:custom":{"minecraft:mob_kills":7,"minecraft:interact_with_crafting_table":7,"minecraft:open_shulker_box":8,"minecraft:bell_ring":1,"minecraft:leave_game":4,"minecraft:time_since_death":32553,"minecraft:climb_one_cm":718,"minecraft:sprint_one_cm":220825,"minecraft:walk_one_cm":323984,"minecraft:drop":252,"minecraft:play_time":127173,"minecraft:deaths":1,"minecraft:sneak_time":6172,"minecraft:walk_under_water_one_cm":23754,"minecraft:jump":1321,"minecraft:interact_with_blast_furnace":1,"minecraft:walk_on_water_one_cm":9854,"minecraft:total_world_time":127173,"minecraft:interact_with_furnace":4,"minecraft:sleep_in_bed":2,"minecraft:time_since_rest":28990,"minecraft:open_enderchest":2,"minecraft:damage_taken":838,"minecraft:damage_dealt":1576,"minecraft:swim_one_cm":18892,"minecraft:fly_one_cm":121576,"minecraft:player_kills":1,"minecraft:open_chest":36,"minecraft:crouch_one_cm":36914,"minecraft:aviate_one_cm":691065,"minecraft:fall_one_cm":28702,"minecraft:inspect_dispenser":10},"minecraft:used":{"minecraft:oak_trapdoor":8,"minecraft:orange_concrete_powder":1,"minecraft:netherite_sword":15,"minecraft:dispenser":1,"minecraft:elytra":3,"minecraft:stone":41,"minecraft:stone_hoe":102,"minecraft:dirt":247,"minecraft:jungle_planks":4,"minecraft:furnace_minecart":6,"minecraft:glass":1,"minecraft:netherite_shovel":435,"minecraft:coal_ore":5,"minecraft:gray_concrete_powder":1,"minecraft:yellow_concrete_powder":1,"minecraft:netherite_boots":1,"minecraft:bow":2,"minecraft:netherite_pickaxe":66,"minecraft:cyan_concrete_powder":2,"minecraft:pink_concrete_powder":1,"minecraft:potato":95,"minecraft:water_bucket":1,"minecraft:powered_rail":4,"minecraft:baked_potato":17,"minecraft:oak_planks":2,"minecraft:composter":1,"minecraft:rail":142,"minecraft:netherite_leggings":1,"minecraft:oak_slab":7,"minecraft:netherite_helmet":1,"minecraft:white_bed":6,"minecraft:black_concrete_powder":1,"minecraft:piston":1,"minecraft:firework_rocket":8,"minecraft:oak_button":1,"minecraft:netherite_axe":41,"minecraft:magenta_concrete_powder":1,"minecraft:light_blue_concrete_powder":1,"minecraft:red_concrete_powder":1,"minecraft:green_concrete_powder":1,"minecraft:bucket":1},"minecraft:mined":{"minecraft:farmland":1,"minecraft:shulker_box":1,"minecraft:grass_block":53,"minecraft:jungle_planks":1,"minecraft:jungle_log":6,"minecraft:redstone_wire":1,"minecraft:oak_trapdoor":8,"minecraft:potatoes":76,"minecraft:dirt_path":39,"minecraft:vine":5,"minecraft:rail":41,"minecraft:stone":19,"minecraft:oak_slab":2,"minecraft:short_grass":3,"minecraft:white_stained_glass_pane":1,"minecraft:glass":8,"minecraft:tall_grass":1,"minecraft:wall_torch":2,"minecraft:yellow_stained_glass_pane":1,"minecraft:oak_log":3,"minecraft:coal_ore":10,"minecraft:dirt":348,"minecraft:oak_leaves":1},"minecraft:picked_up":{"minecraft:shield":2,"minecraft:oak_trapdoor":8,"minecraft:elytra":2,"minecraft:orange_concrete_powder":1,"minecraft:netherite_sword":2,"minecraft:bucket":2,"minecraft:minecart":8,"minecraft:stick":22,"minecraft:stone":99,"minecraft:magenta_concrete_powder":1,"minecraft:torch":6,"minecraft:netherite_shovel":2,"minecraft:brown_concrete_powder":1,"minecraft:redstone":1,"minecraft:netherite_pickaxe":4,"minecraft:yellow_concrete_powder":1,"minecraft:rotten_flesh":18,"minecraft:arrow":3,"minecraft:netherite_chestplate":2,"minecraft:white_wool":46,"minecraft:rail":233,"minecraft:furnace_minecart":6,"minecraft:netherite_boots":2,"minecraft:jungle_log":4,"minecraft:green_concrete_powder":1,"minecraft:potato":991,"minecraft:oak_log":3,"minecraft:netherite_leggings":2,"minecraft:pink_concrete_powder":1,"minecraft:cyan_concrete_powder":2,"minecraft:dirt":830,"minecraft:gray_concrete_powder":1,"minecraft:glass":135,"minecraft:bow":2,"minecraft:wheat_seeds":3,"minecraft:iron_ingot":4,"minecraft:netherite_axe":3,"minecraft:oak_planks":3,"minecraft:stone_hoe":2,"minecraft:oak_slab":8,"minecraft:red_concrete_powder":1,"minecraft:poisonous_potato":3,"minecraft:jungle_planks":32,"minecraft:sand":1,"minecraft:shulker_box":3,"minecraft:light_blue_concrete_powder":2,"minecraft:firework_rocket":129,"minecraft:black_concrete_powder":1,"minecraft:coal_ore":5,"minecraft:netherite_helmet":2,"minecraft:granite":2,"minecraft:baked_potato":77,"minecraft:coal":9},"minecraft:killed_by":{"minecraft:enderman":1},"minecraft:crafted":{"minecraft:oak_planks":12,"minecraft:oak_button":1,"minecraft:oak_slab":18,"minecraft:baked_potato":64,"minecraft:bucket":1,"minecraft:jungle_planks":16,"minecraft:oak_boat":1,"minecraft:white_wool":64,"minecraft:white_bed":6,"minecraft:composter":1},"minecraft:dropped":{"minecraft:stone_hoe":1,"minecraft:oak_slab":4,"minecraft:netherite_pickaxe":2,"minecraft:wheat_seeds":2,"minecraft:baked_potato":8,"minecraft:netherite_chestplate":1,"minecraft:netherite_axe":2,"minecraft:poisonous_potato":2,"minecraft:netherite_helmet":1,"minecraft:granite":2,"minecraft:jungle_planks":7,"minecraft:light_blue_concrete_powder":1,"minecraft:elytra":1,"minecraft:rail":193,"minecraft:stick":11,"minecraft:dirt":326,"minecraft:brown_concrete_powder":1,"minecraft:torch":2,"minecraft:netherite_boots":1,"minecraft:sand":1,"minecraft:bucket":1,"minecraft:netherite_sword":1,"minecraft:rotten_flesh":18,"minecraft:oak_planks":3,"minecraft:netherite_shovel":1,"minecraft:shulker_box":1,"minecraft:netherite_leggings":1,"minecraft:potato":574,"minecraft:stone":42,"minecraft:shield":1,"minecraft:oak_boat":1,"minecraft:arrow":1,"minecraft:bow":1,"minecraft:glass":66,"minecraft:firework_rocket":36}},"DataVersion":3953}