{"stats":{"minecraft:dropped":{"minecraft:potato":192},"minecraft:custom":{"minecraft:open_chest":12,"minecraft:time_since_rest":11946,"minecraft:walk_under_water_one_cm":645,"minecraft:damage_taken":21,"minecraft:open_enderchest":2,"minecraft:inspect_dropper":1,"minecraft:crouch_one_cm":6924,"minecraft:play_time":11946,"minecraft:sprint_one_cm":29411,"minecraft:walk_one_cm":41260,"minecraft:sneak_time":971,"minecraft:drop":3,"minecraft:aviate_one_cm":172357,"minecraft:jump":137,"minecraft:time_since_death":11946,"minecraft:walk_on_water_one_cm":10127,"minecraft:total_world_time":11946,"minecraft:swim_one_cm":741,"minecraft:interact_with_crafting_table":1,"minecraft:fall_one_cm":1403,"minecraft:fly_one_cm":13993},"minecraft:used":{"minecraft:stone_hoe":4,"minecraft:dirt":18,"minecraft:netherite_shovel":17,"minecraft:firework_rocket":5,"minecraft:warped_fungus":9,"minecraft:netherite_chestplate":1,"minecraft:baked_potato":3,"minecraft:elytra":2,"minecraft:netherite_pickaxe":1,"minecraft:stone":3,"minecraft:composter":1},"minecraft:crafted":{"minecraft:oak_slab":12,"minecraft:composter":1},"minecraft:picked_up":{"minecraft:warped_fungus":12,"minecraft:stone":1,"minecraft:dirt":9,"minecraft:cobblestone":1},"minecraft:mined":{"minecraft:dirt_path":1,"minecraft:dirt":13,"minecraft:stone":1,"minecraft:oak_leaves":4}},"DataVersion":3953}