{"stats":{"minecraft:killed":{"minecraft:skeleton":1,"minecraft:zombie":4},"minecraft:used":{"minecraft:orange_concrete_powder":1,"minecraft:water_bucket":1,"minecraft:netherite_sword":8,"minecraft:dispenser":1,"minecraft:powered_rail":4,"minecraft:elytra":1,"minecraft:baked_potato":10,"minecraft:oak_planks":2,"minecraft:stone":34,"minecraft:composter":1,"minecraft:stone_hoe":102,"minecraft:dirt":194,"minecraft:rail":118,"minecraft:oak_slab":7,"minecraft:black_concrete_powder":1,"minecraft:glass":1,"minecraft:piston":1,"minecraft:netherite_shovel":409,"minecraft:oak_button":1,"minecraft:netherite_axe":11,"minecraft:magenta_concrete_powder":1,"minecraft:gray_concrete_powder":1,"minecraft:yellow_concrete_powder":1,"minecraft:light_blue_concrete_powder":1,"minecraft:red_concrete_powder":1,"minecraft:green_concrete_powder":1,"minecraft:netherite_pickaxe":33,"minecraft:bucket":1,"minecraft:cyan_concrete_powder":2,"minecraft:pink_concrete_powder":1,"minecraft:potato":84},"minecraft:custom":{"minecraft:interact_with_furnace":1,"minecraft:mob_kills":5,"minecraft:interact_with_crafting_table":5,"minecraft:open_shulker_box":8,"minecraft:bell_ring":1,"minecraft:leave_game":1,"minecraft:time_since_death":48353,"minecraft:sleep_in_bed":1,"minecraft:time_since_rest":13472,"minecraft:sprint_one_cm":110930,"minecraft:open_enderchest":2,"minecraft:damage_taken":348,"minecraft:walk_one_cm":171738,"minecraft:drop":148,"minecraft:damage_dealt":835,"minecraft:swim_one_cm":3218,"minecraft:fly_one_cm":61239,"minecraft:open_chest":19,"minecraft:crouch_one_cm":19079,"minecraft:play_time":48353,"minecraft:sneak_time":3344,"minecraft:walk_under_water_one_cm":11168,"minecraft:aviate_one_cm":132993,"minecraft:jump":652,"minecraft:interact_with_blast_furnace":1,"minecraft:walk_on_water_one_cm":4206,"minecraft:total_world_time":48353,"minecraft:fall_one_cm":9739,"minecraft:inspect_dispenser":4},"minecraft:mined":{"minecraft:oak_slab":2,"minecraft:farmland":1,"minecraft:shulker_box":1,"minecraft:short_grass":3,"minecraft:grass_block":47,"minecraft:white_stained_glass_pane":1,"minecraft:glass":8,"minecraft:wall_torch":2,"minecraft:yellow_stained_glass_pane":1,"minecraft:potatoes":1,"minecraft:oak_log":3,"minecraft:dirt_path":39,"minecraft:rail":24,"minecraft:dirt":322,"minecraft:stone":9,"minecraft:oak_leaves":1},"minecraft:picked_up":{"minecraft:green_concrete_powder":1,"minecraft:potato":463,"minecraft:oak_log":3,"minecraft:cyan_concrete_powder":2,"minecraft:pink_concrete_powder":1,"minecraft:dirt":390,"minecraft:gray_concrete_powder":1,"minecraft:glass":3,"minecraft:orange_concrete_powder":1,"minecraft:wheat_seeds":1,"minecraft:minecart":4,"minecraft:magenta_concrete_powder":1,"minecraft:stone":8,"minecraft:red_concrete_powder":1,"minecraft:torch":2,"minecraft:sand":1,"minecraft:brown_concrete_powder":1,"minecraft:yellow_concrete_powder":1,"minecraft:shulker_box":1,"minecraft:light_blue_concrete_powder":2,"minecraft:black_concrete_powder":1,"minecraft:arrow":1,"minecraft:rotten_flesh":9,"minecraft:rail":24},"minecraft:dropped":{"minecraft:light_blue_concrete_powder":1,"minecraft:rail":32,"minecraft:brown_concrete_powder":1,"minecraft:potato":574,"minecraft:dirt":47,"minecraft:oak_boat":1,"minecraft:sand":1},"minecraft:crafted":{"minecraft:oak_slab":18,"minecraft:oak_planks":12,"minecraft:bucket":1,"minecraft:oak_boat":1,"minecraft:oak_button":1,"minecraft:composter":1}},"DataVersion":3953}