{"stats":{"minecraft:killed":{"minecraft:spider":1,"minecraft:skeleton":1,"minecraft:zombie":5},"minecraft:custom":{"minecraft:interact_with_furnace":4,"minecraft:mob_kills":7,"minecraft:interact_with_crafting_table":7,"minecraft:open_shulker_box":8,"minecraft:bell_ring":1,"minecraft:leave_game":4,"minecraft:time_since_death":20932,"minecraft:sleep_in_bed":2,"minecraft:climb_one_cm":718,"minecraft:time_since_rest":17369,"minecraft:damage_taken":834,"minecraft:open_enderchest":2,"minecraft:walk_one_cm":275557,"minecraft:sprint_one_cm":196189,"minecraft:drop":192,"minecraft:damage_dealt":1576,"minecraft:player_kills":1,"minecraft:swim_one_cm":18892,"minecraft:fly_one_cm":115797,"minecraft:open_chest":36,"minecraft:play_time":115552,"minecraft:crouch_one_cm":35888,"minecraft:sneak_time":6043,"minecraft:deaths":1,"minecraft:walk_under_water_one_cm":23754,"minecraft:aviate_one_cm":689704,"minecraft:jump":1199,"minecraft:interact_with_blast_furnace":1,"minecraft:walk_on_water_one_cm":9854,"minecraft:total_world_time":115552,"minecraft:inspect_dispenser":6,"minecraft:fall_one_cm":26728},"minecraft:used":{"minecraft:oak_trapdoor":8,"minecraft:orange_concrete_powder":1,"minecraft:water_bucket":1,"minecraft:netherite_sword":15,"minecraft:powered_rail":4,"minecraft:dispenser":1,"minecraft:baked_potato":16,"minecraft:elytra":3,"minecraft:oak_planks":2,"minecraft:stone":41,"minecraft:composter":1,"minecraft:stone_hoe":102,"minecraft:rail":132,"minecraft:netherite_leggings":1,"minecraft:dirt":245,"minecraft:oak_slab":7,"minecraft:netherite_helmet":1,"minecraft:white_bed":6,"minecraft:black_concrete_powder":1,"minecraft:piston":1,"minecraft:glass":1,"minecraft:firework_rocket":8,"minecraft:netherite_shovel":432,"minecraft:coal_ore":5,"minecraft:oak_button":1,"minecraft:netherite_axe":37,"minecraft:magenta_concrete_powder":1,"minecraft:gray_concrete_powder":1,"minecraft:bow":1,"minecraft:netherite_boots":1,"minecraft:yellow_concrete_powder":1,"minecraft:light_blue_concrete_powder":1,"minecraft:red_concrete_powder":1,"minecraft:bucket":1,"minecraft:green_concrete_powder":1,"minecraft:netherite_pickaxe":60,"minecraft:pink_concrete_powder":1,"minecraft:cyan_concrete_powder":2,"minecraft:potato":94},"minecraft:mined":{"minecraft:oak_slab":2,"minecraft:farmland":1,"minecraft:shulker_box":1,"minecraft:short_grass":3,"minecraft:grass_block":51,"minecraft:white_stained_glass_pane":1,"minecraft:jungle_log":6,"minecraft:glass":8,"minecraft:tall_grass":1,"minecraft:wall_torch":2,"minecraft:oak_trapdoor":8,"minecraft:coal_ore":10,"minecraft:yellow_stained_glass_pane":1,"minecraft:vine":5,"minecraft:potatoes":74,"minecraft:oak_log":3,"minecraft:dirt_path":39,"minecraft:rail":35,"minecraft:dirt":347,"minecraft:stone":19,"minecraft:oak_leaves":1},"minecraft:picked_up":{"minecraft:netherite_boots":2,"minecraft:jungle_log":4,"minecraft:green_concrete_powder":1,"minecraft:potato":989,"minecraft:oak_log":3,"minecraft:shield":2,"minecraft:dirt":764,"minecraft:netherite_leggings":2,"minecraft:cyan_concrete_powder":2,"minecraft:pink_concrete_powder":1,"minecraft:oak_trapdoor":8,"minecraft:elytra":2,"minecraft:gray_concrete_powder":1,"minecraft:glass":135,"minecraft:orange_concrete_powder":1,"minecraft:bow":2,"minecraft:wheat_seeds":3,"minecraft:netherite_sword":2,"minecraft:bucket":2,"minecraft:netherite_axe":2,"minecraft:minecart":4,"minecraft:stone_hoe":2,"minecraft:oak_planks":3,"minecraft:oak_slab":8,"minecraft:stick":22,"minecraft:stone":99,"minecraft:red_concrete_powder":1,"minecraft:magenta_concrete_powder":1,"minecraft:torch":6,"minecraft:poisonous_potato":3,"minecraft:sand":1,"minecraft:jungle_planks":31,"minecraft:netherite_shovel":2,"minecraft:brown_concrete_powder":1,"minecraft:netherite_pickaxe":4,"minecraft:yellow_concrete_powder":1,"minecraft:coal_ore":5,"minecraft:shulker_box":3,"minecraft:light_blue_concrete_powder":2,"minecraft:firework_rocket":129,"minecraft:arrow":3,"minecraft:black_concrete_powder":1,"minecraft:rotten_flesh":18,"minecraft:netherite_helmet":2,"minecraft:granite":2,"minecraft:netherite_chestplate":2,"minecraft:baked_potato":77,"minecraft:coal":9,"minecraft:white_wool":46,"minecraft:rail":205},"minecraft:killed_by":{"minecraft:enderman":1},"minecraft:crafted":{"minecraft:oak_slab":18,"minecraft:oak_planks":12,"minecraft:baked_potato":64,"minecraft:bucket":1,"minecraft:jungle_planks":16,"minecraft:oak_boat":1,"minecraft:white_wool":64,"minecraft:oak_button":1,"minecraft:white_bed":6,"minecraft:composter":1},"minecraft:dropped":{"minecraft:stone_hoe":1,"minecraft:oak_slab":4,"minecraft:netherite_pickaxe":2,"minecraft:wheat_seeds":1,"minecraft:baked_potato":8,"minecraft:netherite_sword":1,"minecraft:netherite_helmet":1,"minecraft:poisonous_potato":2,"minecraft:netherite_axe":1,"minecraft:netherite_chestplate":1,"minecraft:rotten_flesh":18,"minecraft:oak_planks":3,"minecraft:jungle_planks":7,"minecraft:netherite_shovel":1,"minecraft:granite":2,"minecraft:light_blue_concrete_powder":1,"minecraft:elytra":1,"minecraft:shulker_box":1,"minecraft:rail":115,"minecraft:netherite_leggings":1,"minecraft:stick":11,"minecraft:potato":574,"minecraft:dirt":263,"minecraft:brown_concrete_powder":1,"minecraft:stone":42,"minecraft:shield":1,"minecraft:torch":2,"minecraft:oak_boat":1,"minecraft:netherite_boots":1,"minecraft:sand":1,"minecraft:arrow":1,"minecraft:bow":1,"minecraft:glass":66,"minecraft:bucket":1,"minecraft:firework_rocket":36}},"DataVersion":3953}