{"stats":{"minecraft:killed":{"minecraft:skeleton":1,"minecraft:zombie":4},"minecraft:used":{"minecraft:glass":1,"minecraft:piston":1,"minecraft:netherite_sword":8,"minecraft:netherite_shovel":186,"minecraft:powered_rail":4,"minecraft:dispenser":1,"minecraft:oak_button":1,"minecraft:oak_planks":2,"minecraft:baked_potato":7,"minecraft:elytra":1,"minecraft:netherite_axe":5,"minecraft:stone":21,"minecraft:composter":1,"minecraft:stone_hoe":11,"minecraft:dirt":110,"minecraft:rail":77,"minecraft:oak_slab":5,"minecraft:netherite_pickaxe":11,"minecraft:potato":2},"minecraft:custom":{"minecraft:time_since_rest":23879,"minecraft:walk_one_cm":83749,"minecraft:sprint_one_cm":60373,"minecraft:damage_taken":298,"minecraft:mob_kills":5,"minecraft:drop":50,"minecraft:damage_dealt":835,"minecraft:swim_one_cm":3218,"minecraft:interact_with_crafting_table":1,"minecraft:fly_one_cm":33907,"minecraft:crouch_one_cm":5150,"minecraft:play_time":23879,"minecraft:open_shulker_box":6,"minecraft:sneak_time":1112,"minecraft:walk_under_water_one_cm":11168,"minecraft:aviate_one_cm":93219,"minecraft:jump":369,"minecraft:walk_on_water_one_cm":4144,"minecraft:time_since_death":23879,"minecraft:total_world_time":23879,"minecraft:fall_one_cm":3973},"minecraft:mined":{"minecraft:farmland":1,"minecraft:short_grass":1,"minecraft:grass_block":13,"minecraft:oak_log":1,"minecraft:rail":1,"minecraft:dirt_path":22,"minecraft:dirt":144,"minecraft:glass":8,"minecraft:stone":7,"minecraft:oak_leaves":1,"minecraft:wall_torch":2},"minecraft:picked_up":{"minecraft:stone":6,"minecraft:torch":2,"minecraft:potato":424,"minecraft:oak_log":1,"minecraft:dirt":168,"minecraft:arrow":1,"minecraft:glass":3,"minecraft:rotten_flesh":9,"minecraft:wheat_seeds":1,"minecraft:rail":1},"minecraft:crafted":{"minecraft:oak_planks":4,"minecraft:oak_slab":12,"minecraft:oak_button":1,"minecraft:composter":1},"minecraft:dropped":{"minecraft:dirt":47,"minecraft:potato":192}},"DataVersion":3953}