{"stats":{"minecraft:dropped":{"minecraft:dirt":16,"minecraft:stone":4,"minecraft:polished_diorite_stairs":127,"minecraft:warped_fungus":29,"minecraft:smooth_stone":1,"minecraft:string":1},"minecraft:custom":{"minecraft:time_since_rest":21687,"minecraft:inspect_dropper":2,"minecraft:sprint_one_cm":64233,"minecraft:damage_taken":178,"minecraft:walk_one_cm":72171,"minecraft:interact_with_anvil":1,"minecraft:drop":8,"minecraft:inspect_hopper":16,"minecraft:fly_one_cm":46983,"minecraft:open_chest":20,"minecraft:crouch_one_cm":2446,"minecraft:play_time":21687,"minecraft:sneak_time":219,"minecraft:walk_under_water_one_cm":184,"minecraft:aviate_one_cm":395903,"minecraft:jump":349,"minecraft:interact_with_stonecutter":2,"minecraft:leave_game":1,"minecraft:time_since_death":21687,"minecraft:walk_on_water_one_cm":4580,"minecraft:total_world_time":21687,"minecraft:fall_one_cm":11608},"minecraft:used":{"minecraft:firework_rocket":17,"minecraft:netherite_shovel":2,"minecraft:netherite_chestplate":12,"minecraft:elytra":12,"minecraft:cooked_chicken":5,"minecraft:torch":4,"minecraft:dirt":1,"minecraft:warped_fungus":4,"minecraft:netherite_pickaxe":63,"minecraft:polished_diorite_stairs":40,"minecraft:egg":3,"minecraft:smooth_stone":491},"minecraft:crafted":{"minecraft:air":0},"minecraft:picked_up":{"minecraft:warped_fungus":1,"minecraft:dirt":2,"minecraft:polished_diorite_stairs":3,"minecraft:smooth_stone":61,"minecraft:egg":3},"minecraft:mined":{"minecraft:polished_diorite_stairs":3,"minecraft:smooth_stone":60,"minecraft:grass_block":1,"minecraft:dirt":1}},"DataVersion":3953}