{"stats":{"minecraft:killed":{"minecraft:skeleton":1,"minecraft:villager":1},"minecraft:used":{"minecraft:trident":20,"minecraft:netherite_sword":4,"minecraft:netherite_chestplate":12,"minecraft:elytra":12,"minecraft:stone":104,"minecraft:cooked_chicken":16,"minecraft:torch":4,"minecraft:dirt":85,"minecraft:rail":3,"minecraft:oak_slab":1,"minecraft:shulker_box":1,"minecraft:firework_rocket":23,"minecraft:netherite_shovel":250,"minecraft:netherite_axe":1,"minecraft:cobblestone":2,"minecraft:netherite_pickaxe":173,"minecraft:polished_diorite_stairs":45,"minecraft:oak_boat":1,"minecraft:smooth_stone":491},"minecraft:custom":{"minecraft:inspect_dropper":1,"minecraft:mob_kills":2,"minecraft:inspect_hopper":11,"minecraft:interact_with_crafting_table":1,"minecraft:open_shulker_box":4,"minecraft:interact_with_stonecutter":2,"minecraft:leave_game":1,"minecraft:time_since_death":60099,"minecraft:sleep_in_bed":2,"minecraft:climb_one_cm":878,"minecraft:time_since_rest":12998,"minecraft:sprint_one_cm":176698,"minecraft:damage_taken":588,"minecraft:walk_one_cm":131982,"minecraft:drop":24,"minecraft:damage_dealt":139,"minecraft:swim_one_cm":801,"minecraft:talked_to_villager":2,"minecraft:player_kills":1,"minecraft:fly_one_cm":123732,"minecraft:open_chest":4,"minecraft:crouch_one_cm":5146,"minecraft:play_time":60099,"minecraft:sneak_time":1021,"minecraft:walk_under_water_one_cm":572,"minecraft:boat_one_cm":4161,"minecraft:aviate_one_cm":689121,"minecraft:jump":931,"minecraft:walk_on_water_one_cm":9925,"minecraft:total_world_time":60099,"minecraft:fall_one_cm":37631,"minecraft:inspect_dispenser":1},"minecraft:mined":{"minecraft:shulker_box":1,"minecraft:brewing_stand":1,"minecraft:granite":2,"minecraft:short_grass":1,"minecraft:grass_block":15,"minecraft:cobblestone":2,"minecraft:diorite":1,"minecraft:polished_diorite_stairs":3,"minecraft:smooth_stone":60,"minecraft:dirt_path":10,"minecraft:rail":2,"minecraft:gravel":4,"minecraft:dirt":206,"minecraft:stone":100,"minecraft:oak_leaves":2},"minecraft:picked_up":{"minecraft:potato":51,"minecraft:enchanted_book":1,"minecraft:flint":1,"minecraft:brewing_stand":1,"minecraft:dirt":277,"minecraft:wheat_seeds":2,"minecraft:smooth_stone":61,"minecraft:oak_boat":2,"minecraft:oak_slab":2,"minecraft:stone":116,"minecraft:oak_door":2,"minecraft:gravel":3,"minecraft:diorite":1,"minecraft:shulker_box":1,"minecraft:polished_diorite_stairs":3,"minecraft:rotten_flesh":3,"minecraft:granite":2,"minecraft:rail":35,"minecraft:cobblestone":2},"minecraft:crafted":{"minecraft:air":0},"minecraft:dropped":{"minecraft:oak_door":2,"minecraft:gravel":3,"minecraft:enchanted_book":1,"minecraft:wheat_seeds":2,"minecraft:rotten_flesh":3,"minecraft:granite":2,"minecraft:flint":1,"minecraft:dirt":23,"minecraft:potato":294,"minecraft:stone":16,"minecraft:polished_diorite_stairs":122,"minecraft:diorite":1,"minecraft:brewing_stand":1,"minecraft:smooth_stone":1,"minecraft:string":1}},"DataVersion":3953}