{"stats":{"minecraft:killed":{"minecraft:skeleton":1,"minecraft:villager":1},"minecraft:used":{"minecraft:trident":20,"minecraft:netherite_sword":4,"minecraft:netherite_shovel":2,"minecraft:firework_rocket":13,"minecraft:netherite_chestplate":12,"minecraft:elytra":12,"minecraft:stone":4,"minecraft:cooked_chicken":9,"minecraft:torch":4,"minecraft:dirt":30,"minecraft:shulker_box":1,"minecraft:netherite_pickaxe":65,"minecraft:polished_diorite_stairs":45,"minecraft:smooth_stone":491},"minecraft:custom":{"minecraft:time_since_rest":36099,"minecraft:inspect_dropper":1,"minecraft:sprint_one_cm":125047,"minecraft:walk_one_cm":78490,"minecraft:damage_taken":269,"minecraft:mob_kills":2,"minecraft:drop":11,"minecraft:inspect_hopper":11,"minecraft:damage_dealt":139,"minecraft:swim_one_cm":801,"minecraft:fly_one_cm":85778,"minecraft:player_kills":1,"minecraft:open_chest":3,"minecraft:crouch_one_cm":2196,"minecraft:open_shulker_box":3,"minecraft:play_time":36099,"minecraft:sneak_time":357,"minecraft:walk_under_water_one_cm":392,"minecraft:aviate_one_cm":432519,"minecraft:jump":645,"minecraft:interact_with_stonecutter":2,"minecraft:leave_game":1,"minecraft:time_since_death":36099,"minecraft:walk_on_water_one_cm":7147,"minecraft:total_world_time":36099,"minecraft:fall_one_cm":19408},"minecraft:mined":{"minecraft:polished_diorite_stairs":3,"minecraft:smooth_stone":60,"minecraft:shulker_box":1,"minecraft:grass_block":1,"minecraft:dirt":1,"minecraft:oak_leaves":2},"minecraft:picked_up":{"minecraft:shulker_box":1,"minecraft:dirt":49,"minecraft:polished_diorite_stairs":3,"minecraft:rotten_flesh":3,"minecraft:smooth_stone":61},"minecraft:crafted":{"minecraft:air":0},"minecraft:dropped":{"minecraft:dirt":16,"minecraft:potato":294,"minecraft:polished_diorite_stairs":122,"minecraft:rotten_flesh":3,"minecraft:smooth_stone":1,"minecraft:string":1}},"DataVersion":3953}