{"stats":{"minecraft:killed":{"minecraft:skeleton":1,"minecraft:villager":1},"minecraft:used":{"minecraft:trident":20,"minecraft:netherite_sword":4,"minecraft:netherite_shovel":31,"minecraft:firework_rocket":17,"minecraft:netherite_chestplate":12,"minecraft:elytra":12,"minecraft:stone":4,"minecraft:cooked_chicken":11,"minecraft:torch":4,"minecraft:rail":3,"minecraft:dirt":54,"minecraft:cobblestone":1,"minecraft:shulker_box":1,"minecraft:netherite_pickaxe":69,"minecraft:polished_diorite_stairs":45,"minecraft:oak_boat":1,"minecraft:smooth_stone":491},"minecraft:custom":{"minecraft:time_since_rest":998,"minecraft:inspect_dropper":1,"minecraft:sprint_one_cm":148861,"minecraft:walk_one_cm":99803,"minecraft:damage_taken":376,"minecraft:mob_kills":2,"minecraft:drop":19,"minecraft:inspect_hopper":11,"minecraft:damage_dealt":139,"minecraft:talked_to_villager":2,"minecraft:swim_one_cm":801,"minecraft:fly_one_cm":105566,"minecraft:player_kills":1,"minecraft:open_chest":3,"minecraft:crouch_one_cm":3897,"minecraft:open_shulker_box":3,"minecraft:play_time":48099,"minecraft:sneak_time":625,"minecraft:walk_under_water_one_cm":572,"minecraft:boat_one_cm":4161,"minecraft:aviate_one_cm":559140,"minecraft:jump":773,"minecraft:interact_with_stonecutter":2,"minecraft:leave_game":1,"minecraft:time_since_death":48099,"minecraft:walk_on_water_one_cm":9343,"minecraft:sleep_in_bed":2,"minecraft:climb_one_cm":878,"minecraft:total_world_time":48099,"minecraft:fall_one_cm":29744,"minecraft:inspect_dispenser":1},"minecraft:mined":{"minecraft:polished_diorite_stairs":3,"minecraft:smooth_stone":60,"minecraft:brewing_stand":1,"minecraft:shulker_box":1,"minecraft:grass_block":3,"minecraft:rail":2,"minecraft:dirt_path":3,"minecraft:dirt":10,"minecraft:cobblestone":1,"minecraft:oak_leaves":2},"minecraft:picked_up":{"minecraft:oak_door":2,"minecraft:potato":1,"minecraft:enchanted_book":1,"minecraft:brewing_stand":1,"minecraft:shulker_box":1,"minecraft:dirt":68,"minecraft:polished_diorite_stairs":3,"minecraft:rotten_flesh":3,"minecraft:wheat_seeds":2,"minecraft:smooth_stone":61,"minecraft:oak_boat":2,"minecraft:rail":35,"minecraft:cobblestone":1},"minecraft:crafted":{"minecraft:air":0},"minecraft:dropped":{"minecraft:oak_door":2,"minecraft:enchanted_book":1,"minecraft:dirt":23,"minecraft:potato":294,"minecraft:wheat_seeds":2,"minecraft:polished_diorite_stairs":122,"minecraft:brewing_stand":1,"minecraft:rotten_flesh":3,"minecraft:smooth_stone":1,"minecraft:string":1}},"DataVersion":3953}