{"stats":{"minecraft:killed":{"minecraft:creeper":2,"minecraft:skeleton":3,"minecraft:zombie":1,"minecraft:drowned":1,"minecraft:villager":4},"minecraft:custom":{"minecraft:inspect_dropper":1,"minecraft:mob_kills":13,"minecraft:inspect_hopper":11,"minecraft:interact_with_crafting_table":9,"minecraft:open_shulker_box":7,"minecraft:interact_with_stonecutter":2,"minecraft:leave_game":3,"minecraft:time_since_death":150048,"minecraft:sleep_in_bed":4,"minecraft:climb_one_cm":1362,"minecraft:open_enderchest":4,"minecraft:time_since_rest":13856,"minecraft:damage_taken":1435,"minecraft:sprint_one_cm":333173,"minecraft:walk_one_cm":343277,"minecraft:drop":47,"minecraft:damage_dealt":1090,"minecraft:swim_one_cm":12035,"minecraft:talked_to_villager":5,"minecraft:player_kills":1,"minecraft:fly_one_cm":212001,"minecraft:open_chest":5,"minecraft:crouch_one_cm":22931,"minecraft:play_time":150048,"minecraft:sneak_time":4605,"minecraft:walk_under_water_one_cm":9263,"minecraft:boat_one_cm":4161,"minecraft:aviate_one_cm":1544676,"minecraft:jump":1889,"minecraft:walk_on_water_one_cm":19875,"minecraft:total_world_time":150048,"minecraft:inspect_dispenser":15,"minecraft:fall_one_cm":84869},"minecraft:used":{"minecraft:oak_trapdoor":2,"minecraft:trident":56,"minecraft:netherite_sword":7,"minecraft:iron_ore":1,"minecraft:netherite_chestplate":13,"minecraft:redstone":1,"minecraft:elytra":13,"minecraft:ender_chest":1,"minecraft:stone":185,"minecraft:composter":2,"minecraft:cooked_chicken":33,"minecraft:torch":4,"minecraft:dirt":232,"minecraft:rail":62,"minecraft:oak_slab":1,"minecraft:shulker_box":4,"minecraft:furnace_minecart":9,"minecraft:wooden_hoe":13,"minecraft:firework_rocket":48,"minecraft:netherite_shovel":381,"minecraft:netherite_axe":44,"minecraft:cobblestone":2,"minecraft:minecart":2,"minecraft:netherite_pickaxe":366,"minecraft:polished_diorite_stairs":45,"minecraft:oak_boat":1,"minecraft:potato":6,"minecraft:bone_meal":143,"minecraft:smooth_stone":491},"minecraft:mined":{"minecraft:brewing_stand":1,"minecraft:shulker_box":4,"minecraft:granite":2,"minecraft:short_grass":1,"minecraft:grass_block":36,"minecraft:cobblestone":2,"minecraft:diorite":1,"minecraft:polished_diorite_stairs":3,"minecraft:smooth_stone":60,"minecraft:chain":2,"minecraft:iron_ore":1,"minecraft:potatoes":27,"minecraft:oak_log":9,"minecraft:dirt_path":17,"minecraft:rail":28,"minecraft:dirt":304,"minecraft:gravel":5,"minecraft:sand":4,"minecraft:stone":258,"minecraft:ender_chest":1,"minecraft:oak_leaves":7,"minecraft:deepslate":1},"minecraft:picked_up":{"minecraft:furnace_minecart":9,"minecraft:ender_chest":1,"minecraft:jungle_log":2,"minecraft:potato":71,"minecraft:enchanted_book":1,"minecraft:flint":1,"minecraft:oak_log":9,"minecraft:chain":2,"minecraft:brewing_stand":1,"minecraft:gunpowder":3,"minecraft:dirt":438,"minecraft:bone":3,"minecraft:wheat_seeds":2,"minecraft:smooth_stone":61,"minecraft:iron_ingot":45,"minecraft:oak_boat":2,"minecraft:iron_ore":1,"minecraft:netherite_axe":2,"minecraft:minecart":14,"minecraft:oak_planks":3,"minecraft:oak_slab":2,"minecraft:stone":257,"minecraft:oak_door":2,"minecraft:poisonous_potato":2,"minecraft:gravel":4,"minecraft:sand":4,"minecraft:diorite":1,"minecraft:white_bed":1,"minecraft:netherite_pickaxe":1,"minecraft:shulker_box":4,"minecraft:polished_diorite_stairs":3,"minecraft:arrow":10,"minecraft:rotten_flesh":4,"minecraft:granite":2,"minecraft:oak_sapling":5,"minecraft:rail":118,"minecraft:cobblestone":17},"minecraft:crafted":{"minecraft:furnace_minecart":1,"minecraft:oak_slab":18,"minecraft:oak_planks":36,"minecraft:furnace":1,"minecraft:bone_meal":192,"minecraft:air":0,"minecraft:oak_trapdoor":2,"minecraft:wooden_hoe":1,"minecraft:stick":4,"minecraft:composter":2,"minecraft:minecart":3},"minecraft:dropped":{"minecraft:oak_door":2,"minecraft:gravel":4,"minecraft:enchanted_book":1,"minecraft:netherite_pickaxe":1,"minecraft:wheat_seeds":2,"minecraft:poisonous_potato":2,"minecraft:netherite_axe":2,"minecraft:rotten_flesh":3,"minecraft:cobblestone":7,"minecraft:oak_planks":3,"minecraft:granite":2,"minecraft:stick":2,"minecraft:flint":1,"minecraft:dirt":207,"minecraft:potato":359,"minecraft:stone":16,"minecraft:polished_diorite_stairs":122,"minecraft:diorite":1,"minecraft:brewing_stand":1,"minecraft:oak_sapling":5,"minecraft:chain":1,"minecraft:sand":4,"minecraft:arrow":10,"minecraft:smooth_stone":1,"minecraft:string":1,"minecraft:bone":3}},"DataVersion":3953}