{"stats":{"minecraft:killed":{"minecraft:skeleton":3,"minecraft:villager":1},"minecraft:custom":{"minecraft:inspect_dropper":1,"minecraft:mob_kills":4,"minecraft:inspect_hopper":11,"minecraft:interact_with_crafting_table":4,"minecraft:open_shulker_box":4,"minecraft:interact_with_stonecutter":2,"minecraft:leave_game":1,"minecraft:time_since_death":84099,"minecraft:sleep_in_bed":2,"minecraft:climb_one_cm":878,"minecraft:time_since_rest":36998,"minecraft:sprint_one_cm":214218,"minecraft:damage_taken":832,"minecraft:walk_one_cm":187451,"minecraft:drop":29,"minecraft:damage_dealt":527,"minecraft:swim_one_cm":801,"minecraft:talked_to_villager":2,"minecraft:player_kills":1,"minecraft:fly_one_cm":145446,"minecraft:open_chest":4,"minecraft:crouch_one_cm":8246,"minecraft:play_time":84099,"minecraft:sneak_time":1677,"minecraft:walk_under_water_one_cm":572,"minecraft:boat_one_cm":4161,"minecraft:aviate_one_cm":902348,"minecraft:jump":1192,"minecraft:walk_on_water_one_cm":9925,"minecraft:total_world_time":84099,"minecraft:fall_one_cm":50363,"minecraft:inspect_dispenser":3},"minecraft:used":{"minecraft:oak_trapdoor":2,"minecraft:trident":23,"minecraft:netherite_sword":6,"minecraft:iron_ore":1,"minecraft:netherite_chestplate":12,"minecraft:elytra":12,"minecraft:stone":179,"minecraft:composter":1,"minecraft:cooked_chicken":21,"minecraft:torch":4,"minecraft:dirt":105,"minecraft:rail":23,"minecraft:oak_slab":1,"minecraft:shulker_box":1,"minecraft:wooden_hoe":6,"minecraft:firework_rocket":29,"minecraft:netherite_shovel":266,"minecraft:netherite_axe":9,"minecraft:cobblestone":2,"minecraft:netherite_pickaxe":329,"minecraft:polished_diorite_stairs":45,"minecraft:oak_boat":1,"minecraft:potato":4,"minecraft:smooth_stone":491},"minecraft:mined":{"minecraft:shulker_box":1,"minecraft:brewing_stand":1,"minecraft:granite":2,"minecraft:short_grass":1,"minecraft:grass_block":19,"minecraft:cobblestone":2,"minecraft:diorite":1,"minecraft:polished_diorite_stairs":3,"minecraft:smooth_stone":60,"minecraft:iron_ore":1,"minecraft:potatoes":1,"minecraft:oak_log":5,"minecraft:dirt_path":13,"minecraft:rail":13,"minecraft:gravel":4,"minecraft:dirt":215,"minecraft:stone":242,"minecraft:oak_leaves":4,"minecraft:deepslate":1},"minecraft:picked_up":{"minecraft:potato":70,"minecraft:enchanted_book":1,"minecraft:flint":1,"minecraft:oak_log":5,"minecraft:brewing_stand":1,"minecraft:dirt":346,"minecraft:bone":3,"minecraft:wheat_seeds":2,"minecraft:smooth_stone":61,"minecraft:iron_ore":1,"minecraft:oak_boat":2,"minecraft:minecart":2,"minecraft:oak_slab":2,"minecraft:stone":257,"minecraft:oak_door":2,"minecraft:gravel":3,"minecraft:diorite":1,"minecraft:shulker_box":1,"minecraft:polished_diorite_stairs":3,"minecraft:arrow":10,"minecraft:rotten_flesh":3,"minecraft:granite":2,"minecraft:rail":47,"minecraft:cobblestone":2},"minecraft:crafted":{"minecraft:oak_slab":12,"minecraft:oak_planks":20,"minecraft:air":0,"minecraft:oak_trapdoor":2,"minecraft:wooden_hoe":1,"minecraft:stick":4,"minecraft:composter":1},"minecraft:dropped":{"minecraft:oak_door":2,"minecraft:gravel":3,"minecraft:enchanted_book":1,"minecraft:netherite_pickaxe":1,"minecraft:wheat_seeds":2,"minecraft:rotten_flesh":3,"minecraft:granite":2,"minecraft:flint":1,"minecraft:dirt":79,"minecraft:potato":294,"minecraft:stone":16,"minecraft:polished_diorite_stairs":122,"minecraft:diorite":1,"minecraft:brewing_stand":1,"minecraft:arrow":10,"minecraft:smooth_stone":1,"minecraft:string":1,"minecraft:bone":3}},"DataVersion":3953}