{"stats":{"minecraft:killed":{"minecraft:skeleton":3,"minecraft:villager":3},"minecraft:custom":{"minecraft:inspect_dropper":1,"minecraft:mob_kills":6,"minecraft:inspect_hopper":11,"minecraft:interact_with_crafting_table":6,"minecraft:open_shulker_box":5,"minecraft:interact_with_stonecutter":2,"minecraft:leave_game":1,"minecraft:time_since_death":96099,"minecraft:sleep_in_bed":2,"minecraft:climb_one_cm":878,"minecraft:time_since_rest":48998,"minecraft:sprint_one_cm":268794,"minecraft:damage_taken":882,"minecraft:walk_one_cm":226203,"minecraft:drop":34,"minecraft:damage_dealt":807,"minecraft:swim_one_cm":801,"minecraft:talked_to_villager":4,"minecraft:player_kills":1,"minecraft:fly_one_cm":167249,"minecraft:open_chest":5,"minecraft:crouch_one_cm":8925,"minecraft:play_time":96099,"minecraft:sneak_time":1891,"minecraft:walk_under_water_one_cm":572,"minecraft:boat_one_cm":4161,"minecraft:aviate_one_cm":959173,"minecraft:jump":1415,"minecraft:walk_on_water_one_cm":9925,"minecraft:total_world_time":96099,"minecraft:fall_one_cm":61595,"minecraft:inspect_dispenser":9},"minecraft:used":{"minecraft:oak_trapdoor":2,"minecraft:trident":24,"minecraft:netherite_sword":7,"minecraft:iron_ore":1,"minecraft:redstone":1,"minecraft:netherite_chestplate":12,"minecraft:elytra":12,"minecraft:stone":184,"minecraft:composter":2,"minecraft:cooked_chicken":23,"minecraft:torch":4,"minecraft:dirt":123,"minecraft:rail":23,"minecraft:oak_slab":1,"minecraft:shulker_box":2,"minecraft:wooden_hoe":10,"minecraft:firework_rocket":30,"minecraft:netherite_shovel":268,"minecraft:netherite_axe":16,"minecraft:cobblestone":2,"minecraft:netherite_pickaxe":335,"minecraft:polished_diorite_stairs":45,"minecraft:oak_boat":1,"minecraft:potato":6,"minecraft:smooth_stone":491},"minecraft:mined":{"minecraft:shulker_box":2,"minecraft:brewing_stand":1,"minecraft:granite":2,"minecraft:short_grass":1,"minecraft:grass_block":21,"minecraft:cobblestone":2,"minecraft:diorite":1,"minecraft:polished_diorite_stairs":3,"minecraft:smooth_stone":60,"minecraft:iron_ore":1,"minecraft:potatoes":2,"minecraft:oak_log":9,"minecraft:dirt_path":13,"minecraft:rail":14,"minecraft:gravel":4,"minecraft:dirt":215,"minecraft:stone":246,"minecraft:oak_leaves":7,"minecraft:deepslate":1},"minecraft:picked_up":{"minecraft:potato":71,"minecraft:enchanted_book":1,"minecraft:flint":1,"minecraft:oak_log":9,"minecraft:brewing_stand":1,"minecraft:dirt":348,"minecraft:bone":3,"minecraft:wheat_seeds":2,"minecraft:smooth_stone":61,"minecraft:iron_ore":1,"minecraft:oak_boat":2,"minecraft:minecart":8,"minecraft:oak_slab":2,"minecraft:stone":257,"minecraft:oak_door":2,"minecraft:gravel":3,"minecraft:diorite":1,"minecraft:shulker_box":2,"minecraft:polished_diorite_stairs":3,"minecraft:arrow":10,"minecraft:rotten_flesh":3,"minecraft:granite":2,"minecraft:oak_sapling":5,"minecraft:rail":48,"minecraft:cobblestone":5},"minecraft:crafted":{"minecraft:oak_slab":18,"minecraft:oak_planks":36,"minecraft:air":0,"minecraft:oak_trapdoor":2,"minecraft:wooden_hoe":1,"minecraft:stick":4,"minecraft:composter":2},"minecraft:dropped":{"minecraft:oak_door":2,"minecraft:gravel":3,"minecraft:enchanted_book":1,"minecraft:netherite_pickaxe":1,"minecraft:wheat_seeds":2,"minecraft:cobblestone":3,"minecraft:rotten_flesh":3,"minecraft:granite":2,"minecraft:flint":1,"minecraft:dirt":143,"minecraft:potato":359,"minecraft:stone":16,"minecraft:polished_diorite_stairs":122,"minecraft:diorite":1,"minecraft:brewing_stand":1,"minecraft:oak_sapling":5,"minecraft:arrow":10,"minecraft:smooth_stone":1,"minecraft:string":1,"minecraft:bone":3}},"DataVersion":3953}