{"stats":{"minecraft:killed":{"minecraft:creeper":2,"minecraft:skeleton":3,"minecraft:zombie":1,"minecraft:drowned":1,"minecraft:villager":3},"minecraft:custom":{"minecraft:inspect_dropper":1,"minecraft:mob_kills":12,"minecraft:inspect_hopper":11,"minecraft:interact_with_crafting_table":7,"minecraft:open_shulker_box":6,"minecraft:interact_with_stonecutter":2,"minecraft:leave_game":3,"minecraft:time_since_death":120048,"minecraft:sleep_in_bed":3,"minecraft:climb_one_cm":1362,"minecraft:time_since_rest":6709,"minecraft:damage_taken":1110,"minecraft:sprint_one_cm":301654,"minecraft:walk_one_cm":275217,"minecraft:drop":41,"minecraft:damage_dealt":886,"minecraft:swim_one_cm":7451,"minecraft:talked_to_villager":5,"minecraft:player_kills":1,"minecraft:fly_one_cm":187325,"minecraft:open_chest":5,"minecraft:crouch_one_cm":18360,"minecraft:play_time":120048,"minecraft:sneak_time":3413,"minecraft:walk_under_water_one_cm":5083,"minecraft:boat_one_cm":4161,"minecraft:aviate_one_cm":1142297,"minecraft:jump":1633,"minecraft:walk_on_water_one_cm":14731,"minecraft:total_world_time":120048,"minecraft:inspect_dispenser":10,"minecraft:fall_one_cm":69294},"minecraft:used":{"minecraft:oak_trapdoor":2,"minecraft:trident":49,"minecraft:netherite_sword":7,"minecraft:iron_ore":1,"minecraft:netherite_chestplate":12,"minecraft:redstone":1,"minecraft:elytra":12,"minecraft:stone":184,"minecraft:composter":2,"minecraft:cooked_chicken":29,"minecraft:torch":4,"minecraft:dirt":165,"minecraft:rail":47,"minecraft:oak_slab":1,"minecraft:shulker_box":3,"minecraft:wooden_hoe":10,"minecraft:firework_rocket":36,"minecraft:netherite_shovel":341,"minecraft:netherite_axe":41,"minecraft:cobblestone":2,"minecraft:netherite_pickaxe":349,"minecraft:polished_diorite_stairs":45,"minecraft:oak_boat":1,"minecraft:potato":6,"minecraft:bone_meal":143,"minecraft:smooth_stone":491},"minecraft:mined":{"minecraft:brewing_stand":1,"minecraft:shulker_box":3,"minecraft:granite":2,"minecraft:short_grass":1,"minecraft:grass_block":35,"minecraft:cobblestone":2,"minecraft:diorite":1,"minecraft:polished_diorite_stairs":3,"minecraft:smooth_stone":60,"minecraft:chain":1,"minecraft:iron_ore":1,"minecraft:potatoes":27,"minecraft:oak_log":9,"minecraft:dirt_path":16,"minecraft:rail":14,"minecraft:dirt":266,"minecraft:gravel":5,"minecraft:sand":4,"minecraft:stone":258,"minecraft:oak_leaves":7,"minecraft:deepslate":1},"minecraft:picked_up":{"minecraft:jungle_log":2,"minecraft:potato":71,"minecraft:enchanted_book":1,"minecraft:flint":1,"minecraft:oak_log":9,"minecraft:chain":1,"minecraft:brewing_stand":1,"minecraft:gunpowder":3,"minecraft:dirt":421,"minecraft:bone":3,"minecraft:wheat_seeds":2,"minecraft:smooth_stone":61,"minecraft:oak_boat":2,"minecraft:iron_ore":1,"minecraft:minecart":8,"minecraft:oak_slab":2,"minecraft:stone":257,"minecraft:oak_door":2,"minecraft:poisonous_potato":2,"minecraft:gravel":4,"minecraft:sand":4,"minecraft:diorite":1,"minecraft:netherite_pickaxe":1,"minecraft:shulker_box":3,"minecraft:polished_diorite_stairs":3,"minecraft:arrow":10,"minecraft:rotten_flesh":3,"minecraft:granite":2,"minecraft:oak_sapling":5,"minecraft:rail":48,"minecraft:cobblestone":17},"minecraft:crafted":{"minecraft:oak_slab":18,"minecraft:oak_planks":36,"minecraft:bone_meal":192,"minecraft:air":0,"minecraft:oak_trapdoor":2,"minecraft:wooden_hoe":1,"minecraft:stick":4,"minecraft:composter":2},"minecraft:dropped":{"minecraft:oak_door":2,"minecraft:gravel":4,"minecraft:enchanted_book":1,"minecraft:netherite_pickaxe":1,"minecraft:wheat_seeds":2,"minecraft:poisonous_potato":2,"minecraft:rotten_flesh":3,"minecraft:cobblestone":7,"minecraft:granite":2,"minecraft:stick":2,"minecraft:flint":1,"minecraft:dirt":207,"minecraft:potato":359,"minecraft:stone":16,"minecraft:polished_diorite_stairs":122,"minecraft:diorite":1,"minecraft:brewing_stand":1,"minecraft:oak_sapling":5,"minecraft:sand":4,"minecraft:arrow":10,"minecraft:smooth_stone":1,"minecraft:string":1,"minecraft:bone":3}},"DataVersion":3953}