{"stats":{"minecraft:custom":{"minecraft:open_chest":2,"minecraft:time_since_rest":18099,"minecraft:crouch_one_cm":1160,"minecraft:sprint_one_cm":46805,"minecraft:play_time":18099,"minecraft:damage_taken":119,"minecraft:walk_one_cm":54717,"minecraft:sneak_time":98,"minecraft:drop":2,"minecraft:inspect_hopper":11,"minecraft:aviate_one_cm":276899,"minecraft:jump":290,"minecraft:damage_dealt":28,"minecraft:interact_with_stonecutter":2,"minecraft:leave_game":1,"minecraft:walk_on_water_one_cm":5496,"minecraft:time_since_death":18099,"minecraft:total_world_time":18099,"minecraft:player_kills":1,"minecraft:fall_one_cm":6880,"minecraft:fly_one_cm":37911},"minecraft:used":{"minecraft:cooked_chicken":4,"minecraft:netherite_sword":2,"minecraft:torch":4,"minecraft:dirt":1,"minecraft:netherite_shovel":2,"minecraft:firework_rocket":9,"minecraft:netherite_chestplate":12,"minecraft:elytra":12,"minecraft:netherite_pickaxe":63,"minecraft:polished_diorite_stairs":45,"minecraft:smooth_stone":491},"minecraft:mined":{"minecraft:polished_diorite_stairs":3,"minecraft:smooth_stone":60,"minecraft:grass_block":1,"minecraft:dirt":1},"minecraft:picked_up":{"minecraft:polished_diorite_stairs":3,"minecraft:smooth_stone":61,"minecraft:dirt":2},"minecraft:crafted":{"minecraft:air":0},"minecraft:dropped":{"minecraft:smooth_stone":1,"minecraft:dirt":16}},"DataVersion":3953}